{
  "id": "3807363",
  "name": "我的标签",
  "font_family": "iconfont",
  "css_prefix_text": "icon-",
  "description": "",
  "glyphs": [
    {
      "icon_id": "77039",
      "name": "我",
      "font_class": "wo",
      "unicode": "e600",
      "unicode_decimal": 58880
    },
    {
      "icon_id": "577374",
      "name": "通知",
      "font_class": "tongzhi",
      "unicode": "e759",
      "unicode_decimal": 59225
    },
    {
      "icon_id": "658040",
      "name": "收藏",
      "font_class": "shoucang1",
      "unicode": "e666",
      "unicode_decimal": 58982
    },
    {
      "icon_id": "1159916",
      "name": "游戏",
      "font_class": "youxi",
      "unicode": "e634",
      "unicode_decimal": 58932
    },
    {
      "icon_id": "7594061",
      "name": "24gl-playlistMusic4",
      "font_class": "24gl-playlistMusic4",
      "unicode": "ea72",
      "unicode_decimal": 60018
    },
    {
      "icon_id": "8776692",
      "name": "message",
      "font_class": "icon-test",
      "unicode": "e635",
      "unicode_decimal": 58933
    },
    {
      "icon_id": "8776716",
      "name": "credits",
      "font_class": "icon-test1",
      "unicode": "e638",
      "unicode_decimal": 58936
    },
    {
      "icon_id": "8776842",
      "name": "search",
      "font_class": "icon-test2",
      "unicode": "e63c",
      "unicode_decimal": 58940
    },
    {
      "icon_id": "8776872",
      "name": "share",
      "font_class": "icon-test3",
      "unicode": "e63e",
      "unicode_decimal": 58942
    },
    {
      "icon_id": "8776873",
      "name": "setting",
      "font_class": "icon-test4",
      "unicode": "e63f",
      "unicode_decimal": 58943
    },
    {
      "icon_id": "8776878",
      "name": "download",
      "font_class": "icon-test5",
      "unicode": "e640",
      "unicode_decimal": 58944
    },
    {
      "icon_id": "8777165",
      "name": "image",
      "font_class": "icon-test6",
      "unicode": "e64a",
      "unicode_decimal": 58954
    },
    {
      "icon_id": "8777372",
      "name": "refresh",
      "font_class": "icon-test7",
      "unicode": "e650",
      "unicode_decimal": 58960
    },
    {
      "icon_id": "8777512",
      "name": "arrow_right",
      "font_class": "icon-test8",
      "unicode": "e658",
      "unicode_decimal": 58968
    },
    {
      "icon_id": "11372659",
      "name": "更多",
      "font_class": "gengduo",
      "unicode": "e8af",
      "unicode_decimal": 59567
    },
    {
      "icon_id": "11372661",
      "name": "发现",
      "font_class": "faxian",
      "unicode": "e8b0",
      "unicode_decimal": 59568
    },
    {
      "icon_id": "11372668",
      "name": "会员",
      "font_class": "huiyuan",
      "unicode": "e8b1",
      "unicode_decimal": 59569
    },
    {
      "icon_id": "11372710",
      "name": "提示",
      "font_class": "tishi",
      "unicode": "e8ba",
      "unicode_decimal": 59578
    },
    {
      "icon_id": "11372739",
      "name": "直播",
      "font_class": "zhibo",
      "unicode": "e8c1",
      "unicode_decimal": 59585
    },
    {
      "icon_id": "33711691",
      "name": "视频",
      "font_class": "shipin",
      "unicode": "e609",
      "unicode_decimal": 58889
    },
    {
      "icon_id": "33711692",
      "name": "历史播放",
      "font_class": "lishibofang",
      "unicode": "e60a",
      "unicode_decimal": 58890
    },
    {
      "icon_id": "33711693",
      "name": "评论",
      "font_class": "pinglun",
      "unicode": "e60b",
      "unicode_decimal": 58891
    },
    {
      "icon_id": "26313797",
      "name": "火热",
      "font_class": "huore",
      "unicode": "ffc8",
      "unicode_decimal": 65480
    },
    {
      "icon_id": "26313810",
      "name": "资讯",
      "font_class": "zixun",
      "unicode": "ffcb",
      "unicode_decimal": 65483
    },
    {
      "icon_id": "33035562",
      "name": "首页-置灰",
      "font_class": "shouye-zhihui",
      "unicode": "e608",
      "unicode_decimal": 58888
    },
    {
      "icon_id": "15838452",
      "name": "cry",
      "font_class": "cry",
      "unicode": "e66a",
      "unicode_decimal": 58986
    },
    {
      "icon_id": "33172824",
      "name": "跳转",
      "font_class": "tiaozhuan",
      "unicode": "e603",
      "unicode_decimal": 58883
    },
    {
      "icon_id": "33172828",
      "name": "收藏",
      "font_class": "shoucang",
      "unicode": "e605",
      "unicode_decimal": 58885
    },
    {
      "icon_id": "33172837",
      "name": "消息",
      "font_class": "xiaoxi",
      "unicode": "e606",
      "unicode_decimal": 58886
    },
    {
      "icon_id": "33172838",
      "name": "我的",
      "font_class": "wode",
      "unicode": "e607",
      "unicode_decimal": 58887
    },
    {
      "icon_id": "33172843",
      "name": "展开",
      "font_class": "zhankai",
      "unicode": "e604",
      "unicode_decimal": 58884
    }
  ]
}
